-- phpMyAdmin SQL Dump
-- version 3.3.9
-- http://www.phpmyadmin.net
--
-- Host: localhost
-- Generation Time: Nov 22, 2012 at 02:31 AM
-- Server version: 5.5.8
-- PHP Version: 5.3.5

SET SQL_MODE="NO_AUTO_VALUE_ON_ZERO";


/*!40101 SET @OLD_CHARACTER_SET_CLIENT=@@CHARACTER_SET_CLIENT */;
/*!40101 SET @OLD_CHARACTER_SET_RESULTS=@@CHARACTER_SET_RESULTS */;
/*!40101 SET @OLD_COLLATION_CONNECTION=@@COLLATION_CONNECTION */;
/*!40101 SET NAMES utf8 */;

--
-- Database: `dephub_simdik`
--

-- --------------------------------------------------------

--
-- Table structure for table `tb_sarpras_checklist_kamar`
--

DROP TABLE IF EXISTS `tb_sarpras_checklist_kamar`;
CREATE TABLE IF NOT EXISTS `tb_sarpras_checklist_kamar` (
  `id_kamar` int(11) NOT NULL,
  `id_item` int(11) NOT NULL,
  `status` int(11) NOT NULL DEFAULT '0'
) ENGINE=InnoDB DEFAULT CHARSET=latin1;

--
-- Dumping data for table `tb_sarpras_checklist_kamar`
--

REPLACE INTO `tb_sarpras_checklist_kamar` (`id_kamar`, `id_item`, `status`) VALUES
(1, 1, 1),
(1, 2, 0),
(1, 3, 0),
(1, 4, 0),
(1, 5, 1),
(1, 6, 0),
(1, 7, 0),
(1, 8, 1),
(1, 9, 0),
(1, 10, 1),
(1, 11, 0),
(1, 12, 0),
(1, 13, 0),
(1, 14, 0),
(2, 1, 0),
(2, 2, 0),
(2, 3, 0),
(2, 4, 0),
(2, 5, 0),
(2, 6, 0),
(2, 7, 0),
(2, 8, 0),
(2, 9, 0),
(2, 10, 0),
(2, 11, 0),
(2, 12, 0),
(2, 13, 0),
(2, 14, 0),
(3, 1, 0),
(3, 2, 0),
(3, 3, 0),
(3, 4, 0),
(3, 5, 0),
(3, 6, 0),
(3, 7, 0),
(3, 8, 0),
(3, 9, 0),
(3, 10, 0),
(3, 11, 0),
(3, 12, 0),
(3, 13, 0),
(3, 14, 0),
(4, 1, 0),
(4, 2, 0),
(4, 3, 0),
(4, 4, 0),
(4, 5, 0),
(4, 6, 0),
(4, 7, 0),
(4, 8, 0),
(4, 9, 0),
(4, 10, 0),
(4, 11, 0),
(4, 12, 0),
(4, 13, 0),
(4, 14, 0),
(5, 1, 0),
(5, 2, 0),
(5, 3, 0),
(5, 4, 0),
(5, 5, 0),
(5, 6, 0),
(5, 7, 0),
(5, 8, 0),
(5, 9, 0),
(5, 10, 0),
(5, 11, 0),
(5, 12, 0),
(5, 13, 0),
(5, 14, 0),
(6, 1, 0),
(6, 2, 0),
(6, 3, 0),
(6, 4, 0),
(6, 5, 0),
(6, 6, 0),
(6, 7, 0),
(6, 8, 0),
(6, 9, 0),
(6, 10, 0),
(6, 11, 0),
(6, 12, 0),
(6, 13, 0),
(6, 14, 0),
(7, 1, 0),
(7, 2, 0),
(7, 3, 0),
(7, 4, 0),
(7, 5, 0),
(7, 6, 0),
(7, 7, 0),
(7, 8, 0),
(7, 9, 0),
(7, 10, 0),
(7, 11, 0),
(7, 12, 0),
(7, 13, 0),
(7, 14, 0),
(8, 1, 0),
(8, 2, 0),
(8, 3, 0),
(8, 4, 0),
(8, 5, 0),
(8, 6, 0),
(8, 7, 0),
(8, 8, 0),
(8, 9, 0),
(8, 10, 0),
(8, 11, 0),
(8, 12, 0),
(8, 13, 0),
(8, 14, 0),
(9, 1, 0),
(9, 2, 0),
(9, 3, 0),
(9, 4, 0),
(9, 5, 0),
(9, 6, 0),
(9, 7, 0),
(9, 8, 0),
(9, 9, 0),
(9, 10, 0),
(9, 11, 0),
(9, 12, 0),
(9, 13, 0),
(9, 14, 0),
(10, 1, 0),
(10, 2, 0),
(10, 3, 0),
(10, 4, 0),
(10, 5, 0),
(10, 6, 0),
(10, 7, 0),
(10, 8, 0),
(10, 9, 0),
(10, 10, 0),
(10, 11, 0),
(10, 12, 0),
(10, 13, 0),
(10, 14, 0),
(11, 1, 0),
(11, 2, 0),
(11, 3, 0),
(11, 4, 0),
(11, 5, 0),
(11, 6, 0),
(11, 7, 0),
(11, 8, 0),
(11, 9, 0),
(11, 10, 0),
(11, 11, 0),
(11, 12, 0),
(11, 13, 0),
(11, 14, 0),
(12, 1, 0),
(12, 2, 0),
(12, 3, 0),
(12, 4, 0),
(12, 5, 0),
(12, 6, 0),
(12, 7, 0),
(12, 8, 0),
(12, 9, 0),
(12, 10, 0),
(12, 11, 0),
(12, 12, 0),
(12, 13, 0),
(12, 14, 0),
(13, 1, 0),
(13, 2, 0),
(13, 3, 0),
(13, 4, 0),
(13, 5, 0),
(13, 6, 0),
(13, 7, 0),
(13, 8, 0),
(13, 9, 0),
(13, 10, 0),
(13, 11, 0),
(13, 12, 0),
(13, 13, 0),
(13, 14, 0),
(14, 1, 0),
(14, 2, 0),
(14, 3, 0),
(14, 4, 0),
(14, 5, 0),
(14, 6, 0),
(14, 7, 0),
(14, 8, 0),
(14, 9, 0),
(14, 10, 0),
(14, 11, 0),
(14, 12, 0),
(14, 13, 0),
(14, 14, 0),
(15, 1, 0),
(15, 2, 0),
(15, 3, 0),
(15, 4, 0),
(15, 5, 0),
(15, 6, 0),
(15, 7, 0),
(15, 8, 0),
(15, 9, 0),
(15, 10, 0),
(15, 11, 0),
(15, 12, 0),
(15, 13, 0),
(15, 14, 0),
(16, 1, 0),
(16, 2, 0),
(16, 3, 0),
(16, 4, 0),
(16, 5, 0),
(16, 6, 0),
(16, 7, 0),
(16, 8, 0),
(16, 9, 0),
(16, 10, 0),
(16, 11, 0),
(16, 12, 0),
(16, 13, 0),
(16, 14, 0),
(17, 1, 0),
(17, 2, 0),
(17, 3, 0),
(17, 4, 0),
(17, 5, 0),
(17, 6, 0),
(17, 7, 0),
(17, 8, 0),
(17, 9, 0),
(17, 10, 0),
(17, 11, 0),
(17, 12, 0),
(17, 13, 0),
(17, 14, 0),
(18, 1, 0),
(18, 2, 0),
(18, 3, 0),
(18, 4, 0),
(18, 5, 0),
(18, 6, 0),
(18, 7, 0),
(18, 8, 0),
(18, 9, 0),
(18, 10, 0),
(18, 11, 0),
(18, 12, 0),
(18, 13, 0),
(18, 14, 0),
(19, 1, 0),
(19, 2, 0),
(19, 3, 0),
(19, 4, 0),
(19, 5, 0),
(19, 6, 0),
(19, 7, 0),
(19, 8, 0),
(19, 9, 0),
(19, 10, 0),
(19, 11, 0),
(19, 12, 0),
(19, 13, 0),
(19, 14, 0),
(20, 1, 0),
(20, 2, 0),
(20, 3, 0),
(20, 4, 0),
(20, 5, 0),
(20, 6, 0),
(20, 7, 0),
(20, 8, 0),
(20, 9, 0),
(20, 10, 0),
(20, 11, 0),
(20, 12, 0),
(20, 13, 0),
(20, 14, 0),
(21, 1, 0),
(21, 2, 0),
(21, 3, 0),
(21, 4, 0),
(21, 5, 0),
(21, 6, 0),
(21, 7, 0),
(21, 8, 0),
(21, 9, 0),
(21, 10, 0),
(21, 11, 0),
(21, 12, 0),
(21, 13, 0),
(21, 14, 0),
(22, 1, 0),
(22, 2, 0),
(22, 3, 0),
(22, 4, 0),
(22, 5, 0),
(22, 6, 0),
(22, 7, 0),
(22, 8, 0),
(22, 9, 0),
(22, 10, 0),
(22, 11, 0),
(22, 12, 0),
(22, 13, 0),
(22, 14, 0),
(23, 1, 0),
(23, 2, 0),
(23, 3, 0),
(23, 4, 0),
(23, 5, 0),
(23, 6, 0),
(23, 7, 0),
(23, 8, 0),
(23, 9, 0),
(23, 10, 0),
(23, 11, 0),
(23, 12, 0),
(23, 13, 0),
(23, 14, 0),
(24, 1, 0),
(24, 2, 0),
(24, 3, 0),
(24, 4, 0),
(24, 5, 0),
(24, 6, 0),
(24, 7, 0),
(24, 8, 0),
(24, 9, 0),
(24, 10, 0),
(24, 11, 0),
(24, 12, 0),
(24, 13, 0),
(24, 14, 0),
(25, 1, 0),
(25, 2, 0),
(25, 3, 0),
(25, 4, 0),
(25, 5, 0),
(25, 6, 0),
(25, 7, 0),
(25, 8, 0),
(25, 9, 0),
(25, 10, 0),
(25, 11, 0),
(25, 12, 0),
(25, 13, 0),
(25, 14, 0),
(26, 1, 0),
(26, 2, 0),
(26, 3, 0),
(26, 4, 0),
(26, 5, 0),
(26, 6, 0),
(26, 7, 0),
(26, 8, 0),
(26, 9, 0),
(26, 10, 0),
(26, 11, 0),
(26, 12, 0),
(26, 13, 0),
(26, 14, 0),
(27, 1, 0),
(27, 2, 0),
(27, 3, 0),
(27, 4, 0),
(27, 5, 0),
(27, 6, 0),
(27, 7, 0),
(27, 8, 0),
(27, 9, 0),
(27, 10, 0),
(27, 11, 0),
(27, 12, 0),
(27, 13, 0),
(27, 14, 0),
(28, 1, 0),
(28, 2, 0),
(28, 3, 0),
(28, 4, 0),
(28, 5, 0),
(28, 6, 0),
(28, 7, 0),
(28, 8, 0),
(28, 9, 0),
(28, 10, 0),
(28, 11, 0),
(28, 12, 0),
(28, 13, 0),
(28, 14, 0),
(29, 1, 0),
(29, 2, 0),
(29, 3, 0),
(29, 4, 0),
(29, 5, 0),
(29, 6, 0),
(29, 7, 0),
(29, 8, 0),
(29, 9, 0),
(29, 10, 0),
(29, 11, 0),
(29, 12, 0),
(29, 13, 0),
(29, 14, 0),
(30, 1, 0),
(30, 2, 0),
(30, 3, 0),
(30, 4, 0),
(30, 5, 0),
(30, 6, 0),
(30, 7, 0),
(30, 8, 0),
(30, 9, 0),
(30, 10, 0),
(30, 11, 0),
(30, 12, 0),
(30, 13, 0),
(30, 14, 0),
(31, 1, 0),
(31, 2, 0),
(31, 3, 0),
(31, 4, 0),
(31, 5, 0),
(31, 6, 0),
(31, 7, 0),
(31, 8, 0),
(31, 9, 0),
(31, 10, 0),
(31, 11, 0),
(31, 12, 0),
(31, 13, 0),
(31, 14, 0),
(32, 1, 0),
(32, 2, 0),
(32, 3, 0),
(32, 4, 0),
(32, 5, 0),
(32, 6, 0),
(32, 7, 0),
(32, 8, 0),
(32, 9, 0),
(32, 10, 0),
(32, 11, 0),
(32, 12, 0),
(32, 13, 0),
(32, 14, 0),
(33, 1, 0),
(33, 2, 0),
(33, 3, 0),
(33, 4, 0),
(33, 5, 0),
(33, 6, 0),
(33, 7, 0),
(33, 8, 0),
(33, 9, 0),
(33, 10, 0),
(33, 11, 0),
(33, 12, 0),
(33, 13, 0),
(33, 14, 0),
(34, 1, 0),
(34, 2, 0),
(34, 3, 0),
(34, 4, 0),
(34, 5, 0),
(34, 6, 0),
(34, 7, 0),
(34, 8, 0),
(34, 9, 0),
(34, 10, 0),
(34, 11, 0),
(34, 12, 0),
(34, 13, 0),
(34, 14, 0),
(35, 1, 0),
(35, 2, 0),
(35, 3, 0),
(35, 4, 0),
(35, 5, 0),
(35, 6, 0),
(35, 7, 0),
(35, 8, 0),
(35, 9, 0),
(35, 10, 0),
(35, 11, 0),
(35, 12, 0),
(35, 13, 0),
(35, 14, 0),
(36, 1, 0),
(36, 2, 0),
(36, 3, 0),
(36, 4, 0),
(36, 5, 0),
(36, 6, 0),
(36, 7, 0),
(36, 8, 0),
(36, 9, 0),
(36, 10, 0),
(36, 11, 0),
(36, 12, 0),
(36, 13, 0),
(36, 14, 0),
(37, 1, 0),
(37, 2, 0),
(37, 3, 0),
(37, 4, 0),
(37, 5, 0),
(37, 6, 0),
(37, 7, 0),
(37, 8, 0),
(37, 9, 0),
(37, 10, 0),
(37, 11, 0),
(37, 12, 0),
(37, 13, 0),
(37, 14, 0),
(38, 1, 0),
(38, 2, 0),
(38, 3, 0),
(38, 4, 0),
(38, 5, 0),
(38, 6, 0),
(38, 7, 0),
(38, 8, 0),
(38, 9, 0),
(38, 10, 0),
(38, 11, 0),
(38, 12, 0),
(38, 13, 0),
(38, 14, 0),
(39, 1, 0),
(39, 2, 0),
(39, 3, 0),
(39, 4, 0),
(39, 5, 0),
(39, 6, 0),
(39, 7, 0),
(39, 8, 0),
(39, 9, 0),
(39, 10, 0),
(39, 11, 0),
(39, 12, 0),
(39, 13, 0),
(39, 14, 0),
(40, 1, 0),
(40, 2, 0),
(40, 3, 0),
(40, 4, 0),
(40, 5, 0),
(40, 6, 0),
(40, 7, 0),
(40, 8, 0),
(40, 9, 0),
(40, 10, 0),
(40, 11, 0),
(40, 12, 0),
(40, 13, 0),
(40, 14, 0),
(41, 1, 0),
(41, 2, 0),
(41, 3, 0),
(41, 4, 0),
(41, 5, 0),
(41, 6, 0),
(41, 7, 0),
(41, 8, 0),
(41, 9, 0),
(41, 10, 0),
(41, 11, 0),
(41, 12, 0),
(41, 13, 0),
(41, 14, 0),
(42, 1, 0),
(42, 2, 0),
(42, 3, 0),
(42, 4, 0),
(42, 5, 0),
(42, 6, 0),
(42, 7, 0),
(42, 8, 0),
(42, 9, 0),
(42, 10, 0),
(42, 11, 0),
(42, 12, 0),
(42, 13, 0),
(42, 14, 0),
(43, 1, 0),
(43, 2, 0),
(43, 3, 0),
(43, 4, 0),
(43, 5, 0),
(43, 6, 0),
(43, 7, 0),
(43, 8, 0),
(43, 9, 0),
(43, 10, 0),
(43, 11, 0),
(43, 12, 0),
(43, 13, 0),
(43, 14, 0),
(44, 1, 0),
(44, 2, 0),
(44, 3, 0),
(44, 4, 0),
(44, 5, 0),
(44, 6, 0),
(44, 7, 0),
(44, 8, 0),
(44, 9, 0),
(44, 10, 0),
(44, 11, 0),
(44, 12, 0),
(44, 13, 0),
(44, 14, 0),
(45, 1, 0),
(45, 2, 0),
(45, 3, 0),
(45, 4, 0),
(45, 5, 0),
(45, 6, 0),
(45, 7, 0),
(45, 8, 0),
(45, 9, 0),
(45, 10, 0),
(45, 11, 0),
(45, 12, 0),
(45, 13, 0),
(45, 14, 0),
(46, 1, 0),
(46, 2, 0),
(46, 3, 0),
(46, 4, 0),
(46, 5, 0),
(46, 6, 0),
(46, 7, 0),
(46, 8, 0),
(46, 9, 0),
(46, 10, 0),
(46, 11, 0),
(46, 12, 0),
(46, 13, 0),
(46, 14, 0),
(47, 1, 0),
(47, 2, 0),
(47, 3, 0),
(47, 4, 0),
(47, 5, 0),
(47, 6, 0),
(47, 7, 0),
(47, 8, 0),
(47, 9, 0),
(47, 10, 0),
(47, 11, 0),
(47, 12, 0),
(47, 13, 0),
(47, 14, 0),
(48, 1, 0),
(48, 2, 0),
(48, 3, 0),
(48, 4, 0),
(48, 5, 0),
(48, 6, 0),
(48, 7, 0),
(48, 8, 0),
(48, 9, 0),
(48, 10, 0),
(48, 11, 0),
(48, 12, 0),
(48, 13, 0),
(48, 14, 0),
(49, 1, 0),
(49, 2, 0),
(49, 3, 0),
(49, 4, 0),
(49, 5, 0),
(49, 6, 0),
(49, 7, 0),
(49, 8, 0),
(49, 9, 0),
(49, 10, 0),
(49, 11, 0),
(49, 12, 0),
(49, 13, 0),
(49, 14, 0),
(50, 1, 0),
(50, 2, 0),
(50, 3, 0),
(50, 4, 0),
(50, 5, 0),
(50, 6, 0),
(50, 7, 0),
(50, 8, 0),
(50, 9, 0),
(50, 10, 0),
(50, 11, 0),
(50, 12, 0),
(50, 13, 0),
(50, 14, 0),
(51, 1, 0),
(51, 2, 0),
(51, 3, 0),
(51, 4, 0),
(51, 5, 0),
(51, 6, 0),
(51, 7, 0),
(51, 8, 0),
(51, 9, 0),
(51, 10, 0),
(51, 11, 0),
(51, 12, 0),
(51, 13, 0),
(51, 14, 0),
(52, 1, 0),
(52, 2, 0),
(52, 3, 0),
(52, 4, 0),
(52, 5, 0),
(52, 6, 0),
(52, 7, 0),
(52, 8, 0),
(52, 9, 0),
(52, 10, 0),
(52, 11, 0),
(52, 12, 0),
(52, 13, 0),
(52, 14, 0),
(53, 1, 0),
(53, 2, 0),
(53, 3, 0),
(53, 4, 0),
(53, 5, 0),
(53, 6, 0),
(53, 7, 0),
(53, 8, 0),
(53, 9, 0),
(53, 10, 0),
(53, 11, 0),
(53, 12, 0),
(53, 13, 0),
(53, 14, 0),
(54, 1, 0),
(54, 2, 0),
(54, 3, 0),
(54, 4, 0),
(54, 5, 0),
(54, 6, 0),
(54, 7, 0),
(54, 8, 0),
(54, 9, 0),
(54, 10, 0),
(54, 11, 0),
(54, 12, 0),
(54, 13, 0),
(54, 14, 0),
(55, 1, 0),
(55, 2, 0),
(55, 3, 0),
(55, 4, 0),
(55, 5, 0),
(55, 6, 0),
(55, 7, 0),
(55, 8, 0),
(55, 9, 0),
(55, 10, 0),
(55, 11, 0),
(55, 12, 0),
(55, 13, 0),
(55, 14, 0),
(56, 1, 0),
(56, 2, 0),
(56, 3, 0),
(56, 4, 0),
(56, 5, 0),
(56, 6, 0),
(56, 7, 0),
(56, 8, 0),
(56, 9, 0),
(56, 10, 0),
(56, 11, 0),
(56, 12, 0),
(56, 13, 0),
(56, 14, 0),
(57, 1, 0),
(57, 2, 0),
(57, 3, 0),
(57, 4, 0),
(57, 5, 0),
(57, 6, 0),
(57, 7, 0),
(57, 8, 0),
(57, 9, 0),
(57, 10, 0),
(57, 11, 0),
(57, 12, 0),
(57, 13, 0),
(57, 14, 0),
(58, 1, 0),
(58, 2, 0),
(58, 3, 0),
(58, 4, 0),
(58, 5, 0),
(58, 6, 0),
(58, 7, 0),
(58, 8, 0),
(58, 9, 0),
(58, 10, 0),
(58, 11, 0),
(58, 12, 0),
(58, 13, 0),
(58, 14, 0),
(59, 1, 0),
(59, 2, 0),
(59, 3, 0),
(59, 4, 0),
(59, 5, 0),
(59, 6, 0),
(59, 7, 0),
(59, 8, 0),
(59, 9, 0),
(59, 10, 0),
(59, 11, 0),
(59, 12, 0),
(59, 13, 0),
(59, 14, 0),
(60, 1, 0),
(60, 2, 0),
(60, 3, 0),
(60, 4, 0),
(60, 5, 0),
(60, 6, 0),
(60, 7, 0),
(60, 8, 0),
(60, 9, 0),
(60, 10, 0),
(60, 11, 0),
(60, 12, 0),
(60, 13, 0),
(60, 14, 0),
(61, 1, 0),
(61, 2, 0),
(61, 3, 0),
(61, 4, 0),
(61, 5, 0),
(61, 6, 0),
(61, 7, 0),
(61, 8, 0),
(61, 9, 0),
(61, 10, 0),
(61, 11, 0),
(61, 12, 0),
(61, 13, 0),
(61, 14, 0),
(62, 1, 0),
(62, 2, 0),
(62, 3, 0),
(62, 4, 0),
(62, 5, 0),
(62, 6, 0),
(62, 7, 0),
(62, 8, 0),
(62, 9, 0),
(62, 10, 0),
(62, 11, 0),
(62, 12, 0),
(62, 13, 0),
(62, 14, 0),
(63, 1, 0),
(63, 2, 0),
(63, 3, 0),
(63, 4, 0),
(63, 5, 0),
(63, 6, 0),
(63, 7, 0),
(63, 8, 0),
(63, 9, 0),
(63, 10, 0),
(63, 11, 0),
(63, 12, 0),
(63, 13, 0),
(63, 14, 0),
(64, 1, 0),
(64, 2, 0),
(64, 3, 0),
(64, 4, 0),
(64, 5, 0),
(64, 6, 0),
(64, 7, 0),
(64, 8, 0),
(64, 9, 0),
(64, 10, 0),
(64, 11, 0),
(64, 12, 0),
(64, 13, 0),
(64, 14, 0),
(65, 1, 0),
(65, 2, 0),
(65, 3, 0),
(65, 4, 0),
(65, 5, 0),
(65, 6, 0),
(65, 7, 0),
(65, 8, 0),
(65, 9, 0),
(65, 10, 0),
(65, 11, 0),
(65, 12, 0),
(65, 13, 0),
(65, 14, 0),
(66, 1, 0),
(66, 2, 0),
(66, 3, 0),
(66, 4, 0),
(66, 5, 0),
(66, 6, 0),
(66, 7, 0),
(66, 8, 0),
(66, 9, 0),
(66, 10, 0),
(66, 11, 0),
(66, 12, 0),
(66, 13, 0),
(66, 14, 0),
(67, 1, 0),
(67, 2, 0),
(67, 3, 0),
(67, 4, 0),
(67, 5, 0),
(67, 6, 0),
(67, 7, 0),
(67, 8, 0),
(67, 9, 0),
(67, 10, 0),
(67, 11, 0),
(67, 12, 0),
(67, 13, 0),
(67, 14, 0),
(68, 1, 0),
(68, 2, 0),
(68, 3, 0),
(68, 4, 0),
(68, 5, 0),
(68, 6, 0),
(68, 7, 0),
(68, 8, 0),
(68, 9, 0),
(68, 10, 0),
(68, 11, 0),
(68, 12, 0),
(68, 13, 0),
(68, 14, 0),
(69, 1, 0),
(69, 2, 0),
(69, 3, 0),
(69, 4, 0),
(69, 5, 0),
(69, 6, 0),
(69, 7, 0),
(69, 8, 0),
(69, 9, 0),
(69, 10, 0),
(69, 11, 0),
(69, 12, 0),
(69, 13, 0),
(69, 14, 0),
(70, 1, 0),
(70, 2, 0),
(70, 3, 0),
(70, 4, 0),
(70, 5, 0),
(70, 6, 0),
(70, 7, 0),
(70, 8, 0),
(70, 9, 0),
(70, 10, 0),
(70, 11, 0),
(70, 12, 0),
(70, 13, 0),
(70, 14, 0),
(71, 1, 0),
(71, 2, 0),
(71, 3, 0),
(71, 4, 0),
(71, 5, 0),
(71, 6, 0),
(71, 7, 0),
(71, 8, 0),
(71, 9, 0),
(71, 10, 0),
(71, 11, 0),
(71, 12, 0),
(71, 13, 0),
(71, 14, 0),
(72, 1, 0),
(72, 2, 0),
(72, 3, 0),
(72, 4, 0),
(72, 5, 0),
(72, 6, 0),
(72, 7, 0),
(72, 8, 0),
(72, 9, 0),
(72, 10, 0),
(72, 11, 0),
(72, 12, 0),
(72, 13, 0),
(72, 14, 0),
(73, 1, 0),
(73, 2, 0),
(73, 3, 0),
(73, 4, 0),
(73, 5, 0),
(73, 6, 0),
(73, 7, 0),
(73, 8, 0),
(73, 9, 0),
(73, 10, 0),
(73, 11, 0),
(73, 12, 0),
(73, 13, 0),
(73, 14, 0),
(74, 1, 0),
(74, 2, 0),
(74, 3, 0),
(74, 4, 0),
(74, 5, 0),
(74, 6, 0),
(74, 7, 0),
(74, 8, 0),
(74, 9, 0),
(74, 10, 0),
(74, 11, 0),
(74, 12, 0),
(74, 13, 0),
(74, 14, 0),
(75, 1, 0),
(75, 2, 0),
(75, 3, 0),
(75, 4, 0),
(75, 5, 0),
(75, 6, 0),
(75, 7, 0),
(75, 8, 0),
(75, 9, 0),
(75, 10, 0),
(75, 11, 0),
(75, 12, 0),
(75, 13, 0),
(75, 14, 0),
(76, 1, 0),
(76, 2, 0),
(76, 3, 0),
(76, 4, 0),
(76, 5, 0),
(76, 6, 0),
(76, 7, 0),
(76, 8, 0),
(76, 9, 0),
(76, 10, 0),
(76, 11, 0),
(76, 12, 0),
(76, 13, 0),
(76, 14, 0),
(77, 1, 0),
(77, 2, 0),
(77, 3, 0),
(77, 4, 0),
(77, 5, 0),
(77, 6, 0),
(77, 7, 0),
(77, 8, 0),
(77, 9, 0),
(77, 10, 0),
(77, 11, 0),
(77, 12, 0),
(77, 13, 0),
(77, 14, 0),
(78, 1, 0),
(78, 2, 0),
(78, 3, 0),
(78, 4, 0),
(78, 5, 0),
(78, 6, 0),
(78, 7, 0),
(78, 8, 0),
(78, 9, 0),
(78, 10, 0),
(78, 11, 0),
(78, 12, 0),
(78, 13, 0),
(78, 14, 0),
(79, 1, 0),
(79, 2, 0),
(79, 3, 0),
(79, 4, 0),
(79, 5, 0),
(79, 6, 0),
(79, 7, 0),
(79, 8, 0),
(79, 9, 0),
(79, 10, 0),
(79, 11, 0),
(79, 12, 0),
(79, 13, 0),
(79, 14, 0),
(80, 1, 0),
(80, 2, 0),
(80, 3, 0),
(80, 4, 0),
(80, 5, 0),
(80, 6, 0),
(80, 7, 0),
(80, 8, 0),
(80, 9, 0),
(80, 10, 0),
(80, 11, 0),
(80, 12, 0),
(80, 13, 0),
(80, 14, 0),
(81, 1, 0),
(81, 2, 0),
(81, 3, 0),
(81, 4, 0),
(81, 5, 0),
(81, 6, 0),
(81, 7, 0),
(81, 8, 0),
(81, 9, 0),
(81, 10, 0),
(81, 11, 0),
(81, 12, 0),
(81, 13, 0),
(81, 14, 0),
(82, 1, 0),
(82, 2, 0),
(82, 3, 0),
(82, 4, 0),
(82, 5, 0),
(82, 6, 0),
(82, 7, 0),
(82, 8, 0),
(82, 9, 0),
(82, 10, 0),
(82, 11, 0),
(82, 12, 0),
(82, 13, 0),
(82, 14, 0),
(83, 1, 0),
(83, 2, 0),
(83, 3, 0),
(83, 4, 0),
(83, 5, 0),
(83, 6, 0),
(83, 7, 0),
(83, 8, 0),
(83, 9, 0),
(83, 10, 0),
(83, 11, 0),
(83, 12, 0),
(83, 13, 0),
(83, 14, 0),
(84, 1, 0),
(84, 2, 0),
(84, 3, 0),
(84, 4, 0),
(84, 5, 0),
(84, 6, 0),
(84, 7, 0),
(84, 8, 0),
(84, 9, 0),
(84, 10, 0),
(84, 11, 0),
(84, 12, 0),
(84, 13, 0),
(84, 14, 0),
(85, 1, 0),
(85, 2, 0),
(85, 3, 0),
(85, 4, 0),
(85, 5, 0),
(85, 6, 0),
(85, 7, 0),
(85, 8, 0),
(85, 9, 0),
(85, 10, 0),
(85, 11, 0),
(85, 12, 0),
(85, 13, 0),
(85, 14, 0),
(86, 1, 0),
(86, 2, 0),
(86, 3, 0),
(86, 4, 0),
(86, 5, 0),
(86, 6, 0),
(86, 7, 0),
(86, 8, 0),
(86, 9, 0),
(86, 10, 0),
(86, 11, 0),
(86, 12, 0),
(86, 13, 0),
(86, 14, 0),
(87, 1, 0),
(87, 2, 0),
(87, 3, 0),
(87, 4, 0),
(87, 5, 0),
(87, 6, 0),
(87, 7, 0),
(87, 8, 0),
(87, 9, 0),
(87, 10, 0),
(87, 11, 0),
(87, 12, 0),
(87, 13, 0),
(87, 14, 0),
(88, 1, 0),
(88, 2, 0),
(88, 3, 0),
(88, 4, 0),
(88, 5, 0),
(88, 6, 0),
(88, 7, 0),
(88, 8, 0),
(88, 9, 0),
(88, 10, 0),
(88, 11, 0),
(88, 12, 0),
(88, 13, 0),
(88, 14, 0),
(89, 1, 0),
(89, 2, 0),
(89, 3, 0),
(89, 4, 0),
(89, 5, 0),
(89, 6, 0),
(89, 7, 0),
(89, 8, 0),
(89, 9, 0),
(89, 10, 0),
(89, 11, 0),
(89, 12, 0),
(89, 13, 0),
(89, 14, 0),
(90, 1, 0),
(90, 2, 0),
(90, 3, 0),
(90, 4, 0),
(90, 5, 0),
(90, 6, 0),
(90, 7, 0),
(90, 8, 0),
(90, 9, 0),
(90, 10, 0),
(90, 11, 0),
(90, 12, 0),
(90, 13, 0),
(90, 14, 0),
(91, 1, 0),
(91, 2, 0),
(91, 3, 0),
(91, 4, 0),
(91, 5, 0),
(91, 6, 0),
(91, 7, 0),
(91, 8, 0),
(91, 9, 0),
(91, 10, 0),
(91, 11, 0),
(91, 12, 0),
(91, 13, 0),
(91, 14, 0),
(92, 1, 0),
(92, 2, 0),
(92, 3, 0),
(92, 4, 0),
(92, 5, 0),
(92, 6, 0),
(92, 7, 0),
(92, 8, 0),
(92, 9, 0),
(92, 10, 0),
(92, 11, 0),
(92, 12, 0),
(92, 13, 0),
(92, 14, 0),
(93, 1, 0),
(93, 2, 0),
(93, 3, 0),
(93, 4, 0),
(93, 5, 0),
(93, 6, 0),
(93, 7, 0),
(93, 8, 0),
(93, 9, 0),
(93, 10, 0),
(93, 11, 0),
(93, 12, 0),
(93, 13, 0),
(93, 14, 0),
(94, 1, 0),
(94, 2, 0),
(94, 3, 0),
(94, 4, 0),
(94, 5, 0),
(94, 6, 0),
(94, 7, 0),
(94, 8, 0),
(94, 9, 0),
(94, 10, 0),
(94, 11, 0),
(94, 12, 0),
(94, 13, 0),
(94, 14, 0),
(95, 1, 0),
(95, 2, 0),
(95, 3, 0),
(95, 4, 0),
(95, 5, 0),
(95, 6, 0),
(95, 7, 0),
(95, 8, 0),
(95, 9, 0),
(95, 10, 0),
(95, 11, 0),
(95, 12, 0),
(95, 13, 0),
(95, 14, 0),
(96, 1, 0),
(96, 2, 0),
(96, 3, 0),
(96, 4, 0),
(96, 5, 0),
(96, 6, 0),
(96, 7, 0),
(96, 8, 0),
(96, 9, 0),
(96, 10, 0),
(96, 11, 0),
(96, 12, 0),
(96, 13, 0),
(96, 14, 0),
(97, 1, 0),
(97, 2, 0),
(97, 3, 0),
(97, 4, 0),
(97, 5, 0),
(97, 6, 0),
(97, 7, 0),
(97, 8, 0),
(97, 9, 0),
(97, 10, 0),
(97, 11, 0),
(97, 12, 0),
(97, 13, 0),
(97, 14, 0),
(98, 1, 0),
(98, 2, 0),
(98, 3, 0),
(98, 4, 0),
(98, 5, 0),
(98, 6, 0),
(98, 7, 0),
(98, 8, 0),
(98, 9, 0),
(98, 10, 0),
(98, 11, 0),
(98, 12, 0),
(98, 13, 0),
(98, 14, 0),
(99, 1, 0),
(99, 2, 0),
(99, 3, 0),
(99, 4, 0),
(99, 5, 0),
(99, 6, 0),
(99, 7, 0),
(99, 8, 0),
(99, 9, 0),
(99, 10, 0),
(99, 11, 0),
(99, 12, 0),
(99, 13, 0),
(99, 14, 0),
(100, 1, 0),
(100, 2, 0),
(100, 3, 0),
(100, 4, 0),
(100, 5, 0),
(100, 6, 0),
(100, 7, 0),
(100, 8, 0),
(100, 9, 0),
(100, 10, 0),
(100, 11, 0),
(100, 12, 0),
(100, 13, 0),
(100, 14, 0),
(101, 1, 0),
(101, 2, 0),
(101, 3, 0),
(101, 4, 0),
(101, 5, 0),
(101, 6, 0),
(101, 7, 0),
(101, 8, 0),
(101, 9, 0),
(101, 10, 0),
(101, 11, 0),
(101, 12, 0),
(101, 13, 0),
(101, 14, 0),
(102, 1, 0),
(102, 2, 0),
(102, 3, 0),
(102, 4, 0),
(102, 5, 0),
(102, 6, 0),
(102, 7, 0),
(102, 8, 0),
(102, 9, 0),
(102, 10, 0),
(102, 11, 0),
(102, 12, 0),
(102, 13, 0),
(102, 14, 0),
(103, 1, 0),
(103, 2, 0),
(103, 3, 0),
(103, 4, 0),
(103, 5, 0),
(103, 6, 0),
(103, 7, 0),
(103, 8, 0),
(103, 9, 0),
(103, 10, 0),
(103, 11, 0),
(103, 12, 0),
(103, 13, 0),
(103, 14, 0),
(104, 1, 0),
(104, 2, 0),
(104, 3, 0),
(104, 4, 0),
(104, 5, 0),
(104, 6, 0),
(104, 7, 0),
(104, 8, 0),
(104, 9, 0),
(104, 10, 0),
(104, 11, 0),
(104, 12, 0),
(104, 13, 0),
(104, 14, 0),
(105, 1, 0),
(105, 2, 0),
(105, 3, 0),
(105, 4, 0),
(105, 5, 0),
(105, 6, 0),
(105, 7, 0),
(105, 8, 0),
(105, 9, 0),
(105, 10, 0),
(105, 11, 0),
(105, 12, 0),
(105, 13, 0),
(105, 14, 0),
(106, 1, 0),
(106, 2, 0),
(106, 3, 0),
(106, 4, 0),
(106, 5, 0),
(106, 6, 0),
(106, 7, 0),
(106, 8, 0),
(106, 9, 0),
(106, 10, 0),
(106, 11, 0),
(106, 12, 0),
(106, 13, 0),
(106, 14, 0),
(107, 1, 0),
(107, 2, 0),
(107, 3, 0),
(107, 4, 0),
(107, 5, 0),
(107, 6, 0),
(107, 7, 0),
(107, 8, 0),
(107, 9, 0),
(107, 10, 0),
(107, 11, 0),
(107, 12, 0),
(107, 13, 0),
(107, 14, 0),
(108, 1, 0),
(108, 2, 0),
(108, 3, 0),
(108, 4, 0),
(108, 5, 0),
(108, 6, 0),
(108, 7, 0),
(108, 8, 0),
(108, 9, 0),
(108, 10, 0),
(108, 11, 0),
(108, 12, 0),
(108, 13, 0),
(108, 14, 0),
(109, 1, 0),
(109, 2, 0),
(109, 3, 0),
(109, 4, 0),
(109, 5, 0),
(109, 6, 0),
(109, 7, 0),
(109, 8, 0),
(109, 9, 0),
(109, 10, 0),
(109, 11, 0),
(109, 12, 0),
(109, 13, 0),
(109, 14, 0),
(110, 1, 0),
(110, 2, 0),
(110, 3, 0),
(110, 4, 0),
(110, 5, 0),
(110, 6, 0),
(110, 7, 0),
(110, 8, 0),
(110, 9, 0),
(110, 10, 0),
(110, 11, 0),
(110, 12, 0),
(110, 13, 0),
(110, 14, 0),
(111, 1, 0),
(111, 2, 0),
(111, 3, 0),
(111, 4, 0),
(111, 5, 0),
(111, 6, 0),
(111, 7, 0),
(111, 8, 0),
(111, 9, 0),
(111, 10, 0),
(111, 11, 0),
(111, 12, 0),
(111, 13, 0),
(111, 14, 0),
(112, 1, 0),
(112, 2, 0),
(112, 3, 0),
(112, 4, 0),
(112, 5, 0),
(112, 6, 0),
(112, 7, 0),
(112, 8, 0),
(112, 9, 0),
(112, 10, 0),
(112, 11, 0),
(112, 12, 0),
(112, 13, 0),
(112, 14, 0),
(113, 1, 0),
(113, 2, 0),
(113, 3, 0),
(113, 4, 0),
(113, 5, 0),
(113, 6, 0),
(113, 7, 0),
(113, 8, 0),
(113, 9, 0),
(113, 10, 0),
(113, 11, 0),
(113, 12, 0),
(113, 13, 0),
(113, 14, 0),
(114, 1, 0),
(114, 2, 0),
(114, 3, 0),
(114, 4, 0),
(114, 5, 0),
(114, 6, 0),
(114, 7, 0),
(114, 8, 0),
(114, 9, 0),
(114, 10, 0),
(114, 11, 0),
(114, 12, 0),
(114, 13, 0),
(114, 14, 0),
(115, 1, 0),
(115, 2, 0),
(115, 3, 0),
(115, 4, 0),
(115, 5, 0),
(115, 6, 0),
(115, 7, 0),
(115, 8, 0),
(115, 9, 0),
(115, 10, 0),
(115, 11, 0),
(115, 12, 0),
(115, 13, 0),
(115, 14, 0),
(116, 1, 0),
(116, 2, 0),
(116, 3, 0),
(116, 4, 0),
(116, 5, 0),
(116, 6, 0),
(116, 7, 0),
(116, 8, 0),
(116, 9, 0),
(116, 10, 0),
(116, 11, 0),
(116, 12, 0),
(116, 13, 0),
(116, 14, 0),
(117, 1, 0),
(117, 2, 0),
(117, 3, 0),
(117, 4, 0),
(117, 5, 0),
(117, 6, 0),
(117, 7, 0),
(117, 8, 0),
(117, 9, 0),
(117, 10, 0),
(117, 11, 0),
(117, 12, 0),
(117, 13, 0),
(117, 14, 0),
(118, 1, 0),
(118, 2, 0),
(118, 3, 0),
(118, 4, 0),
(118, 5, 0),
(118, 6, 0),
(118, 7, 0),
(118, 8, 0),
(118, 9, 0),
(118, 10, 0),
(118, 11, 0),
(118, 12, 0),
(118, 13, 0),
(118, 14, 0),
(119, 1, 0),
(119, 2, 0),
(119, 3, 0),
(119, 4, 0),
(119, 5, 0),
(119, 6, 0),
(119, 7, 0),
(119, 8, 0),
(119, 9, 0),
(119, 10, 0),
(119, 11, 0),
(119, 12, 0),
(119, 13, 0),
(119, 14, 0),
(120, 1, 0),
(120, 2, 0),
(120, 3, 0),
(120, 4, 0),
(120, 5, 0),
(120, 6, 0),
(120, 7, 0),
(120, 8, 0),
(120, 9, 0),
(120, 10, 0),
(120, 11, 0),
(120, 12, 0),
(120, 13, 0),
(120, 14, 0),
(121, 1, 0),
(121, 2, 0),
(121, 3, 0),
(121, 4, 0),
(121, 5, 0),
(121, 6, 0),
(121, 7, 0),
(121, 8, 0),
(121, 9, 0),
(121, 10, 0),
(121, 11, 0),
(121, 12, 0),
(121, 13, 0),
(121, 14, 0),
(122, 1, 0),
(122, 2, 0),
(122, 3, 0),
(122, 4, 0),
(122, 5, 0),
(122, 6, 0),
(122, 7, 0),
(122, 8, 0),
(122, 9, 0),
(122, 10, 0),
(122, 11, 0),
(122, 12, 0),
(122, 13, 0),
(122, 14, 0),
(123, 1, 0),
(123, 2, 0),
(123, 3, 0),
(123, 4, 0),
(123, 5, 0),
(123, 6, 0),
(123, 7, 0),
(123, 8, 0),
(123, 9, 0),
(123, 10, 0),
(123, 11, 0),
(123, 12, 0),
(123, 13, 0),
(123, 14, 0),
(124, 1, 0),
(124, 2, 0),
(124, 3, 0),
(124, 4, 0),
(124, 5, 0),
(124, 6, 0),
(124, 7, 0),
(124, 8, 0),
(124, 9, 0),
(124, 10, 0),
(124, 11, 0),
(124, 12, 0),
(124, 13, 0),
(124, 14, 0),
(125, 1, 0),
(125, 2, 0),
(125, 3, 0),
(125, 4, 0),
(125, 5, 0),
(125, 6, 0),
(125, 7, 0),
(125, 8, 0),
(125, 9, 0),
(125, 10, 0),
(125, 11, 0),
(125, 12, 0),
(125, 13, 0),
(125, 14, 0),
(126, 1, 0),
(126, 2, 0),
(126, 3, 0),
(126, 4, 0),
(126, 5, 0),
(126, 6, 0),
(126, 7, 0),
(126, 8, 0),
(126, 9, 0),
(126, 10, 0),
(126, 11, 0),
(126, 12, 0),
(126, 13, 0),
(126, 14, 0),
(127, 1, 0),
(127, 2, 0),
(127, 3, 0),
(127, 4, 0),
(127, 5, 0),
(127, 6, 0),
(127, 7, 0),
(127, 8, 0),
(127, 9, 0),
(127, 10, 0),
(127, 11, 0),
(127, 12, 0),
(127, 13, 0),
(127, 14, 0),
(128, 1, 0),
(128, 2, 0),
(128, 3, 0),
(128, 4, 0),
(128, 5, 0),
(128, 6, 0),
(128, 7, 0),
(128, 8, 0),
(128, 9, 0),
(128, 10, 0),
(128, 11, 0),
(128, 12, 0),
(128, 13, 0),
(128, 14, 0),
(129, 1, 0),
(129, 2, 0),
(129, 3, 0),
(129, 4, 0),
(129, 5, 0),
(129, 6, 0),
(129, 7, 0),
(129, 8, 0),
(129, 9, 0),
(129, 10, 0),
(129, 11, 0),
(129, 12, 0),
(129, 13, 0),
(129, 14, 0),
(130, 1, 0),
(130, 2, 0),
(130, 3, 0),
(130, 4, 0),
(130, 5, 0),
(130, 6, 0),
(130, 7, 0),
(130, 8, 0),
(130, 9, 0),
(130, 10, 0),
(130, 11, 0),
(130, 12, 0),
(130, 13, 0),
(130, 14, 0),
(131, 1, 0),
(131, 2, 0),
(131, 3, 0),
(131, 4, 0),
(131, 5, 0),
(131, 6, 0),
(131, 7, 0),
(131, 8, 0),
(131, 9, 0),
(131, 10, 0),
(131, 11, 0),
(131, 12, 0),
(131, 13, 0),
(131, 14, 0),
(132, 1, 0),
(132, 2, 0),
(132, 3, 0),
(132, 4, 0),
(132, 5, 0),
(132, 6, 0),
(132, 7, 0),
(132, 8, 0),
(132, 9, 0),
(132, 10, 0),
(132, 11, 0),
(132, 12, 0),
(132, 13, 0),
(132, 14, 0),
(133, 1, 0),
(133, 2, 0),
(133, 3, 0),
(133, 4, 0),
(133, 5, 0),
(133, 6, 0),
(133, 7, 0),
(133, 8, 0),
(133, 9, 0),
(133, 10, 0),
(133, 11, 0),
(133, 12, 0),
(133, 13, 0),
(133, 14, 0),
(134, 1, 0),
(134, 2, 0),
(134, 3, 0),
(134, 4, 0),
(134, 5, 0),
(134, 6, 0),
(134, 7, 0),
(134, 8, 0),
(134, 9, 0),
(134, 10, 0),
(134, 11, 0),
(134, 12, 0),
(134, 13, 0),
(134, 14, 0),
(135, 1, 0),
(135, 2, 0),
(135, 3, 0),
(135, 4, 0),
(135, 5, 0),
(135, 6, 0),
(135, 7, 0),
(135, 8, 0),
(135, 9, 0),
(135, 10, 0),
(135, 11, 0),
(135, 12, 0),
(135, 13, 0),
(135, 14, 0),
(136, 1, 0),
(136, 2, 0),
(136, 3, 0),
(136, 4, 0),
(136, 5, 0),
(136, 6, 0),
(136, 7, 0),
(136, 8, 0),
(136, 9, 0),
(136, 10, 0),
(136, 11, 0),
(136, 12, 0),
(136, 13, 0),
(136, 14, 0),
(137, 1, 0),
(137, 2, 0),
(137, 3, 0),
(137, 4, 0),
(137, 5, 0),
(137, 6, 0),
(137, 7, 0),
(137, 8, 0),
(137, 9, 0),
(137, 10, 0),
(137, 11, 0),
(137, 12, 0),
(137, 13, 0),
(137, 14, 0),
(138, 1, 0),
(138, 2, 0),
(138, 3, 0),
(138, 4, 0),
(138, 5, 0),
(138, 6, 0),
(138, 7, 0),
(138, 8, 0),
(138, 9, 0),
(138, 10, 0),
(138, 11, 0),
(138, 12, 0),
(138, 13, 0),
(138, 14, 0),
(139, 1, 0),
(139, 2, 0),
(139, 3, 0),
(139, 4, 0),
(139, 5, 0),
(139, 6, 0),
(139, 7, 0),
(139, 8, 0),
(139, 9, 0),
(139, 10, 0),
(139, 11, 0),
(139, 12, 0),
(139, 13, 0),
(139, 14, 0),
(140, 1, 0),
(140, 2, 0),
(140, 3, 0),
(140, 4, 0),
(140, 5, 0),
(140, 6, 0),
(140, 7, 0),
(140, 8, 0),
(140, 9, 0),
(140, 10, 0),
(140, 11, 0),
(140, 12, 0),
(140, 13, 0),
(140, 14, 0),
(141, 1, 0),
(141, 2, 0),
(141, 3, 0),
(141, 4, 0),
(141, 5, 0),
(141, 6, 0),
(141, 7, 0),
(141, 8, 0),
(141, 9, 0),
(141, 10, 0),
(141, 11, 0),
(141, 12, 0),
(141, 13, 0),
(141, 14, 0),
(142, 1, 0),
(142, 2, 0),
(142, 3, 0),
(142, 4, 0),
(142, 5, 0),
(142, 6, 0),
(142, 7, 0),
(142, 8, 0),
(142, 9, 0),
(142, 10, 0),
(142, 11, 0),
(142, 12, 0),
(142, 13, 0),
(142, 14, 0),
(143, 1, 0),
(143, 2, 0),
(143, 3, 0),
(143, 4, 0),
(143, 5, 0),
(143, 6, 0),
(143, 7, 0),
(143, 8, 0),
(143, 9, 0),
(143, 10, 0),
(143, 11, 0),
(143, 12, 0),
(143, 13, 0),
(143, 14, 0),
(144, 1, 0),
(144, 2, 0),
(144, 3, 0),
(144, 4, 0),
(144, 5, 0),
(144, 6, 0),
(144, 7, 0),
(144, 8, 0),
(144, 9, 0),
(144, 10, 0),
(144, 11, 0),
(144, 12, 0),
(144, 13, 0),
(144, 14, 0);

-- --------------------------------------------------------

--
-- Table structure for table `tb_sarpras_checklist_kamar_item`
--

DROP TABLE IF EXISTS `tb_sarpras_checklist_kamar_item`;
CREATE TABLE IF NOT EXISTS `tb_sarpras_checklist_kamar_item` (
  `id` int(11) NOT NULL AUTO_INCREMENT,
  `item` varchar(45) NOT NULL,
  `kategori` varchar(45) NOT NULL,
  PRIMARY KEY (`id`)
) ENGINE=InnoDB  DEFAULT CHARSET=latin1 AUTO_INCREMENT=15 ;

--
-- Dumping data for table `tb_sarpras_checklist_kamar_item`
--

REPLACE INTO `tb_sarpras_checklist_kamar_item` (`id`, `item`, `kategori`) VALUES
(1, 'TL-E 22W', 'lampu'),
(2, 'TL-D 18W', 'lampu'),
(3, 'PL-C 14W', 'lampu'),
(4, 'PL-C 13W', 'lampu'),
(5, 'LP Bel', 'lampu'),
(6, 'SHO', 'toilet'),
(7, 'CLO', 'toilet'),
(8, 'JE-S', 'toilet'),
(9, 'WAS', 'toilet'),
(10, 'EX-F', 'toilet'),
(11, 'REM', 'ac'),
(12, 'BAT', 'ac'),
(13, 'Fasilitas lain', ''),
(14, 'Kebersihan', '');

-- --------------------------------------------------------

--
-- Table structure for table `tb_sarpras_checklist_kelas`
--

DROP TABLE IF EXISTS `tb_sarpras_checklist_kelas`;
CREATE TABLE IF NOT EXISTS `tb_sarpras_checklist_kelas` (
  `id` int(11) NOT NULL AUTO_INCREMENT,
  `id_kelas` varchar(45) DEFAULT NULL,
  `l1` varchar(45) DEFAULT '0',
  `l2` int(11) DEFAULT '0',
  `l3` int(11) DEFAULT '0',
  `l4` varchar(45) DEFAULT '0',
  `s1` varchar(45) DEFAULT '0',
  `s2` int(11) DEFAULT '0',
  `m1` varchar(45) DEFAULT '0',
  `m2` int(11) DEFAULT '0',
  `m3` int(11) DEFAULT '0',
  `k1` varchar(45) DEFAULT '0',
  `k2` int(11) DEFAULT '0',
  `k3` int(11) DEFAULT '0',
  `wb` int(11) DEFAULT '0',
  `pb` int(11) DEFAULT '0',
  `fc` int(11) DEFAULT '0',
  PRIMARY KEY (`id`)
) ENGINE=MyISAM  DEFAULT CHARSET=latin1 AUTO_INCREMENT=15 ;

--
-- Dumping data for table `tb_sarpras_checklist_kelas`
--

REPLACE INTO `tb_sarpras_checklist_kelas` (`id`, `id_kelas`, `l1`, `l2`, `l3`, `l4`, `s1`, `s2`, `m1`, `m2`, `m3`, `k1`, `k2`, `k3`, `wb`, `pb`, `fc`) VALUES
(1, '1', '0', 1, 0, '0', '0', 0, '0', 1, 0, '0', 0, 44, 0, 0, 0),
(2, '2', '0', 0, 0, '0', '0', 1, '0', 0, 0, '0', 0, 0, 1, 0, 0),
(3, '3', '0', 0, 0, '0', '0', 0, '0', 0, 0, '0', 0, 0, 0, 0, 0),
(4, '4', '0', 0, 0, '0', '0', 0, '0', 0, 0, '0', 0, 0, 0, 0, 0),
(5, '5', '0', 0, 0, '0', '0', 0, '0', 0, 0, '0', 0, 0, 0, 0, 0),
(6, '6', '0', 0, 0, '0', '0', 0, '0', 0, 0, '0', 0, 0, 0, 0, 0),
(7, '7', '0', 0, 0, '0', '0', 0, '0', 0, 0, '0', 0, 0, 0, 0, 0),
(8, '8', '0', 0, 0, '0', '0', 0, '0', 0, 0, '0', 0, 0, 0, 0, 0),
(9, '9', '0', 0, 0, '0', '0', 0, '0', 0, 0, '0', 0, 0, 0, 0, 0),
(10, '10', '0', 0, 0, '0', '0', 0, '0', 0, 0, '0', 0, 0, 0, 0, 0),
(11, '11', '0', 0, 0, '0', '0', 0, '0', 0, 0, '0', 0, 0, 0, 0, 0),
(12, '12', '0', 0, 0, '0', '0', 0, '0', 0, 0, '0', 0, 0, 0, 0, 0),
(13, '13', '0', 0, 0, '0', '0', 0, '0', 0, 0, '0', 0, 0, 0, 0, 0),
(14, '14', '0', 0, 0, '0', '0', 0, '0', 0, 0, '0', 0, 0, 0, 0, 0);

-- --------------------------------------------------------

--
-- Table structure for table `tb_sarpras_gedung`
--

DROP TABLE IF EXISTS `tb_sarpras_gedung`;
CREATE TABLE IF NOT EXISTS `tb_sarpras_gedung` (
  `id` int(11) NOT NULL AUTO_INCREMENT,
  `nama` varchar(45) NOT NULL,
  PRIMARY KEY (`id`),
  UNIQUE KEY `id` (`id`)
) ENGINE=InnoDB  DEFAULT CHARSET=latin1 AUTO_INCREMENT=6 ;

--
-- Dumping data for table `tb_sarpras_gedung`
--

REPLACE INTO `tb_sarpras_gedung` (`id`, `nama`) VALUES
(1, 'A'),
(2, 'B');

-- --------------------------------------------------------

--
-- Table structure for table `tb_sarpras_kamar`
--

DROP TABLE IF EXISTS `tb_sarpras_kamar`;
CREATE TABLE IF NOT EXISTS `tb_sarpras_kamar` (
  `id` int(11) NOT NULL AUTO_INCREMENT,
  `nama_kamar` int(11) DEFAULT NULL,
  `asrama` int(11) DEFAULT NULL,
  `lantai` varchar(45) DEFAULT NULL,
  `sayap` enum('Kanan','Kiri') DEFAULT NULL,
  `nomor` int(11) DEFAULT NULL,
  `bed` int(11) DEFAULT NULL,
  `status` int(11) DEFAULT NULL,
  PRIMARY KEY (`id`)
) ENGINE=MyISAM  DEFAULT CHARSET=latin1 AUTO_INCREMENT=1144 ;

--
-- Dumping data for table `tb_sarpras_kamar`
--

REPLACE INTO `tb_sarpras_kamar` (`id`, `nama_kamar`, `asrama`, `lantai`, `sayap`, `nomor`, `bed`, `status`) VALUES
(1, 1101, 1, '1', 'Kanan', 101, 2, 1),
(2, 1102, 1, '1', 'Kanan', 102, 2, 1),
(3, 1103, 1, '1', 'Kanan', 103, 2, 1),
(4, 1104, 1, '1', 'Kanan', 104, 2, 1),
(5, 1105, 1, '1', 'Kanan', 105, 2, 1),
(6, 1106, 1, '1', 'Kanan', 106, 2, 1),
(7, 1107, 1, '1', 'Kanan', 107, 2, 1),
(8, 1108, 1, '1', 'Kanan', 108, 2, 1),
(9, 1109, 1, '1', 'Kanan', 109, 2, 1),
(10, 1110, 1, '1', 'Kanan', 110, 2, 1),
(11, 1111, 1, '1', 'Kanan', 111, 2, 1),
(12, 1112, 1, '1', 'Kanan', 112, 2, 1),
(13, 1113, 1, '1', 'Kanan', 113, 2, 1),
(14, 1114, 1, '1', 'Kanan', 114, 2, 1),
(15, 1115, 1, '1', 'Kanan', 115, 2, 1),
(16, 1116, 1, '1', 'Kanan', 116, 2, 1),
(17, 1117, 1, '1', 'Kanan', 117, 2, 1),
(18, 1118, 1, '1', 'Kanan', 118, 2, 1),
(19, 1119, 1, '1', 'Kanan', 119, 2, 1),
(20, 1120, 1, '1', 'Kanan', 120, 2, 1),
(21, 1121, 1, '1', 'Kanan', 121, 2, 1),
(22, 1122, 1, '1', 'Kanan', 122, 2, 1),
(23, 1123, 1, '1', 'Kanan', 123, 2, 1),
(24, 1124, 1, '1', 'Kanan', 124, 2, 1),
(25, 1125, 1, '1', 'Kanan', 125, 2, 1),
(26, 1126, 1, '1', 'Kanan', 126, 2, 1),
(27, 1127, 1, '1', 'Kanan', 127, 2, 1),
(28, 1128, 1, '1', 'Kanan', 128, 2, 1),
(29, 1129, 1, '1', 'Kanan', 129, 2, 1),
(30, 1130, 1, '1', 'Kanan', 130, 2, 1),
(31, 1131, 1, '1', 'Kanan', 131, 2, 1),
(32, 1132, 1, '1', 'Kanan', 132, 2, 1),
(33, 1133, 1, '1', 'Kanan', 133, 2, 1),
(34, 1134, 1, '1', 'Kanan', 134, 2, 1),
(35, 1135, 1, '1', 'Kanan', 135, 2, 1),
(36, 1136, 1, '1', 'Kanan', 136, 2, 1),
(37, 1137, 1, '1', 'Kanan', 137, 2, 1),
(38, 1138, 1, '1', 'Kanan', 138, 2, 1),
(39, 1201, 1, '2', 'Kanan', 201, 2, 1),
(40, 1202, 1, '2', 'Kanan', 202, 2, 1),
(41, 1203, 1, '2', 'Kanan', 203, 2, 1),
(42, 1204, 1, '2', 'Kanan', 204, 2, 1),
(43, 1205, 1, '2', 'Kanan', 205, 2, 1),
(44, 1206, 1, '2', 'Kanan', 206, 2, 1),
(45, 1207, 1, '2', 'Kanan', 207, 2, 1),
(46, 1208, 1, '2', 'Kanan', 208, 2, 1),
(47, 1209, 1, '2', 'Kanan', 209, 2, 1),
(48, 1210, 1, '2', 'Kanan', 210, 2, 1),
(49, 1211, 1, '2', 'Kanan', 211, 2, 1),
(50, 1212, 1, '2', 'Kanan', 212, 2, 1),
(51, 1213, 1, '2', 'Kanan', 213, 2, 1),
(52, 1214, 1, '2', 'Kanan', 214, 2, 1),
(53, 1215, 1, '2', 'Kanan', 215, 2, 1),
(54, 1216, 1, '2', 'Kanan', 216, 2, 1),
(55, 1217, 1, '2', 'Kanan', 217, 2, 1),
(56, 1218, 1, '2', 'Kiri', 218, 2, 1),
(57, 1219, 1, '2', 'Kiri', 219, 2, 1),
(58, 1220, 1, '2', 'Kiri', 220, 2, 1),
(59, 1221, 1, '2', 'Kiri', 221, 2, 1),
(60, 1222, 1, '2', 'Kiri', 222, 2, 1),
(61, 1223, 1, '2', 'Kiri', 223, 2, 1),
(62, 1224, 1, '2', 'Kiri', 224, 2, 1),
(63, 1225, 1, '2', 'Kiri', 225, 2, 1),
(64, 1226, 1, '2', 'Kiri', 226, 2, 1),
(65, 1227, 1, '2', 'Kiri', 227, 2, 1),
(66, 1228, 1, '2', 'Kiri', 228, 2, 1),
(67, 1229, 1, '2', 'Kiri', 229, 2, 1),
(68, 1230, 1, '2', 'Kiri', 230, 2, 1),
(69, 1231, 1, '2', 'Kiri', 231, 2, 1),
(70, 1232, 1, '2', 'Kiri', 232, 2, 1),
(71, 1233, 1, '2', 'Kiri', 233, 2, 1),
(72, 1234, 1, '2', 'Kiri', 234, 2, 1),
(73, 1235, 1, '2', 'Kiri', 235, 2, 1),
(74, 1236, 1, '2', 'Kiri', 236, 2, 1),
(75, 1237, 1, '2', 'Kiri', 237, 2, 1),
(76, 1238, 1, '2', 'Kiri', 238, 2, 1),
(77, 2101, 2, '1', 'Kanan', 101, 2, 1),
(78, 2102, 2, '1', 'Kanan', 102, 2, 1),
(79, 2103, 2, '1', 'Kanan', 103, 2, 1),
(80, 2104, 2, '1', 'Kanan', 104, 2, 1),
(81, 2105, 2, '1', 'Kanan', 105, 2, 1),
(82, 2106, 2, '1', 'Kanan', 106, 2, 1),
(83, 2107, 2, '1', 'Kanan', 107, 2, 1),
(84, 2108, 2, '1', 'Kanan', 108, 2, 1),
(85, 2109, 2, '1', 'Kanan', 109, 2, 1),
(86, 2110, 2, '1', 'Kanan', 110, 2, 1),
(87, 2111, 2, '1', 'Kanan', 111, 2, 1),
(88, 2112, 2, '1', 'Kanan', 112, 2, 1),
(89, 2113, 2, '1', 'Kanan', 113, 2, 1),
(90, 2114, 2, '1', 'Kanan', 114, 2, 1),
(91, 2115, 2, '1', 'Kanan', 115, 2, 1),
(92, 2116, 2, '1', 'Kanan', 116, 2, 1),
(93, 2117, 2, '1', 'Kanan', 117, 2, 1),
(94, 2118, 2, '1', 'Kanan', 118, 2, 1),
(95, 2119, 2, '1', 'Kanan', 119, 2, 1),
(96, 2120, 2, '1', 'Kanan', 120, 2, 1),
(97, 2121, 2, '1', 'Kiri', 121, 2, 1),
(98, 2122, 2, '1', 'Kiri', 122, 2, 1),
(99, 2123, 2, '1', 'Kiri', 123, 2, 1),
(100, 2124, 2, '1', 'Kiri', 124, 2, 1),
(101, 2125, 2, '1', 'Kiri', 125, 2, 1),
(102, 2126, 2, '1', 'Kiri', 126, 2, 1),
(103, 2127, 2, '1', 'Kiri', 127, 2, 1),
(104, 2128, 2, '1', 'Kiri', 128, 2, 1),
(105, 2129, 2, '1', 'Kiri', 129, 2, 1),
(106, 2130, 2, '1', 'Kiri', 130, 2, 1),
(107, 2131, 2, '1', 'Kiri', 131, 2, 1),
(108, 2132, 2, '1', 'Kiri', 132, 2, 1),
(109, 2133, 2, '1', 'Kiri', 133, 2, 1),
(110, 2134, 2, '1', 'Kiri', 134, 2, 1),
(111, 2201, 2, '2', 'Kanan', 201, 2, 1),
(112, 2202, 2, '2', 'Kanan', 202, 2, 1),
(113, 2203, 2, '2', 'Kanan', 203, 2, 1),
(114, 2204, 2, '2', 'Kanan', 204, 2, 1),
(115, 2205, 2, '2', 'Kanan', 205, 2, 1),
(116, 2206, 2, '2', 'Kanan', 206, 2, 1),
(117, 2207, 2, '2', 'Kanan', 207, 2, 1),
(118, 2208, 2, '2', 'Kanan', 208, 2, 1),
(119, 2209, 2, '2', 'Kanan', 209, 2, 1),
(120, 2210, 2, '2', 'Kanan', 210, 2, 1),
(121, 2211, 2, '2', 'Kanan', 211, 2, 1),
(122, 2212, 2, '2', 'Kanan', 212, 2, 1),
(123, 2213, 2, '2', 'Kanan', 213, 2, 1),
(124, 2214, 2, '2', 'Kanan', 214, 2, 1),
(125, 2215, 2, '2', 'Kanan', 215, 2, 1),
(126, 2216, 2, '2', 'Kanan', 216, 2, 1),
(127, 2217, 2, '2', 'Kanan', 217, 2, 1),
(128, 2218, 2, '2', 'Kanan', 218, 2, 1),
(129, 2219, 2, '2', 'Kanan', 219, 2, 1),
(130, 2220, 2, '2', 'Kanan', 220, 2, 1),
(131, 2221, 2, '2', 'Kiri', 221, 2, 1),
(132, 2222, 2, '2', 'Kiri', 222, 2, 1),
(133, 2223, 2, '2', 'Kiri', 223, 2, 1),
(134, 2224, 2, '2', 'Kiri', 224, 2, 1),
(135, 2225, 2, '2', 'Kiri', 225, 2, 1),
(136, 2226, 2, '2', 'Kiri', 226, 2, 1),
(137, 2227, 2, '2', 'Kiri', 227, 2, 1),
(138, 2228, 2, '2', 'Kiri', 228, 2, 1),
(139, 2229, 2, '2', 'Kiri', 229, 2, 1),
(140, 2230, 2, '2', 'Kiri', 230, 2, 1),
(141, 2231, 2, '2', 'Kiri', 231, 2, 1),
(142, 2232, 2, '2', 'Kiri', 232, 2, 1),
(143, 2233, 2, '2', 'Kiri', 233, 2, 1),
(144, 2234, 2, '2', 'Kiri', 234, 2, 1);

-- --------------------------------------------------------

--
-- Table structure for table `tb_sarpras_kamar_status`
--

DROP TABLE IF EXISTS `tb_sarpras_kamar_status`;
CREATE TABLE IF NOT EXISTS `tb_sarpras_kamar_status` (
  `id` int(11) NOT NULL AUTO_INCREMENT,
  `status` text,
  PRIMARY KEY (`id`)
) ENGINE=MyISAM  DEFAULT CHARSET=latin1 AUTO_INCREMENT=14 ;

--
-- Dumping data for table `tb_sarpras_kamar_status`
--

REPLACE INTO `tb_sarpras_kamar_status` (`id`, `status`) VALUES
(1, 'tersedia'),
(2, 'rusak'),
(3, 'diperbaiki'),
(4, 'terisi');

-- --------------------------------------------------------

--
-- Table structure for table `tb_sarpras_kelas`
--

DROP TABLE IF EXISTS `tb_sarpras_kelas`;
CREATE TABLE IF NOT EXISTS `tb_sarpras_kelas` (
  `id` int(11) NOT NULL AUTO_INCREMENT,
  `nama` varchar(45) DEFAULT NULL,
  `kapasitas` int(11) DEFAULT NULL,
  `mejakursi` int(11) DEFAULT NULL,
  `kondisi` varchar(45) DEFAULT NULL,
  `keterangan` varchar(45) DEFAULT NULL,
  PRIMARY KEY (`id`)
) ENGINE=MyISAM  DEFAULT CHARSET=latin1 AUTO_INCREMENT=35 ;

--
-- Dumping data for table `tb_sarpras_kelas`
--

REPLACE INTO `tb_sarpras_kelas` (`id`, `nama`, `kapasitas`, `mejakursi`, `kondisi`, `keterangan`) VALUES
(1, 'R. Kelas 1.1', 40, 40, 'baru', 'kursi besi'),
(2, 'R. Kelas 1.2', 40, 40, 'baru', 'kursi besi'),
(3, 'R. Kelas 1.3', 40, 40, 'baru', 'kursi besi'),
(4, 'R. Kelas 1.4', 40, 40, 'baru', 'kursi besi'),
(5, 'R. Kelas 1.5', 40, 40, 'baru', 'kursi besi'),
(6, 'R. Kelas 2.1', 40, 40, 'baru', 'kursi besi'),
(7, 'R. Kelas 2.2', 30, 30, 'baru', 'kursi besi'),
(8, 'R. Kelas 2.3', 30, 30, 'baru', 'kursi besi'),
(9, 'R. Kelas 2.4', 40, 40, 'baru', 'kursi besi'),
(10, 'R. Kelas 2.5', 40, 40, 'baru', 'kursi besi'),
(11, 'R. Kelas 3.1', 40, 40, 'baru', 'kursi besi'),
(12, 'R. Kelas 3.2', 30, 30, 'baru', 'kursi besi'),
(13, 'R. Kelas 3.3', 30, 30, 'baru', 'kursi besi'),
(14, 'R. Kelas 3.4', 40, 40, 'baru', 'kursi besi'),
(15, 'R. Kelas 3.5', 40, 40, 'baru', 'kursi besi');

-- --------------------------------------------------------

--
-- Table structure for table `tb_sarpras_type`
--

DROP TABLE IF EXISTS `tb_sarpras_type`;
CREATE TABLE IF NOT EXISTS `tb_sarpras_type` (
  `id` int(11) NOT NULL AUTO_INCREMENT,
  `type` int(11) DEFAULT NULL,
  `nama` varchar(45) DEFAULT NULL,
  PRIMARY KEY (`id`)
) ENGINE=MyISAM DEFAULT CHARSET=latin1 AUTO_INCREMENT=1 ;

--
-- Dumping data for table `tb_sarpras_type`
--

